{
  "lang":"tr",
  "pipeline":[
    "parser"
  ],
  "spacy_version":">=2.3.5",
  "speed":{
    "nwords":10046,
    "cpu":6071.6435957831,
    "gpu":null
  },
  "accuracy":{
    "las":54.6235778262,
    "uas":65.2989590898,
    "las_per_type":{
      "amod":{
        "p":52.2875816993,
        "r":58.6080586081,
        "f":55.2677029361
      },
      "case":{
        "p":78.5907859079,
        "r":83.8150289017,
        "f":81.1188811189
      },
      "root":{
        "p":72.6720647773,
        "r":72.6720647773,
        "f":72.6720647773
      },
      "obj":{
        "p":49.0171990172,
        "r":52.8476821192,
        "f":50.8604206501
      },
      "obl":{
        "p":44.4708680143,
        "r":51.4442916094,
        "f":47.7040816327
      },
      "nmod":{
        "p":41.568627451,
        "r":31.5946348733,
        "f":35.9017781541
      },
      "nsubj":{
        "p":41.1589895988,
        "r":41.7168674699,
        "f":41.4360508601
      },
      "compound":{
        "p":40.8396946565,
        "r":29.6398891967,
        "f":34.3499197432
      },
      "advmod":{
        "p":56.8783068783,
        "r":62.865497076,
        "f":59.7222222222
      },
      "advmod:emph":{
        "p":76.9230769231,
        "r":72.2891566265,
        "f":74.5341614907
      },
      "cop":{
        "p":87.8571428571,
        "r":87.2340425532,
        "f":87.5444839858
      },
      "det":{
        "p":72.7272727273,
        "r":76.5957446809,
        "f":74.6113989637
      },
      "conj":{
        "p":39.6468699839,
        "r":36.2701908957,
        "f":37.8834355828
      },
      "nmod:poss":{
        "p":55.9701492537,
        "r":64.4329896907,
        "f":59.9041533546
      },
      "cc":{
        "p":48.6666666667,
        "r":45.3416149068,
        "f":46.9453376206
      },
      "acl":{
        "p":53.4412955466,
        "r":55.4621848739,
        "f":54.4329896907
      },
      "mark":{
        "p":38.4615384615,
        "r":41.6666666667,
        "f":40.0
      },
      "fixed":{
        "p":0.0,
        "r":0.0,
        "f":0.0
      },
      "compound:lvc":{
        "p":62.0253164557,
        "r":55.0561797753,
        "f":58.3333333333
      },
      "nummod":{
        "p":56.5217391304,
        "r":48.1481481481,
        "f":52.0
      },
      "flat":{
        "p":57.0512820513,
        "r":54.6012269939,
        "f":55.7993730408
      },
      "aux:q":{
        "p":73.6842105263,
        "r":77.7777777778,
        "f":75.6756756757
      },
      "compound:redup":{
        "p":50.0,
        "r":18.5185185185,
        "f":27.027027027
      },
      "csubj":{
        "p":0.0,
        "r":0.0,
        "f":0.0
      },
      "discourse":{
        "p":62.5,
        "r":35.7142857143,
        "f":45.4545454545
      },
      "advcl":{
        "p":0.0,
        "r":0.0,
        "f":0.0
      },
      "dep":{
        "p":0.0,
        "r":0.0,
        "f":0.0
      },
      "ccomp":{
        "p":0.0,
        "r":0.0,
        "f":0.0
      },
      "appos":{
        "p":0.0,
        "r":0.0,
        "f":0.0
      }
    },
    "token_acc":100.0
  },
  "vectors":{
    "width":0,
    "vectors":0,
    "keys":0,
    "name":"spacy_pretrained_vectors"
  },
  "name":"model0",
  "version":"0.0.0",
  "labels":{
    "parser":[
      "ROOT",
      "acl",
      "advmod",
      "advmod:emph",
      "amod",
      "appos",
      "aux:q",
      "case",
      "cc",
      "compound",
      "compound:lvc",
      "compound:redup",
      "conj",
      "cop",
      "dep",
      "det",
      "discourse",
      "flat",
      "mark",
      "nmod",
      "nmod:poss",
      "nsubj",
      "nummod",
      "obj",
      "obl",
      "punct"
    ]
  }
}